<?xml version="1.0" encoding="UTF-8"?>
<beans xmlns="http://www.springframework.org/schema/beans"
       xmlns:xsi="http://www.w3.org/2001/XMLSchema-instance"
       xmlns:aop="http://www.springframework.org/schema/aop"
       xmlns:context="http://www.springframework.org/schema/context"
       xmlns:tx="http://www.springframework.org/schema/tx"
       xmlns:p="http://www.springframework.org/schema/p"
       xsi:schemaLocation="http://www.springframework.org/schema/beans
       http://www.springframework.org/schema/beans/spring-beans.xsd
       http://www.springframework.org/schema/aop
       http://www.springframework.org/schema/aop/spring-aop.xsd
       http://www.springframework.org/schema/context
       http://www.springframework.org/schema/context/spring-context.xsd
       http://www.springframework.org/schema/tx
       http://www.springframework.org/schema/tx/spring-tx.xsd">

    <context:component-scan base-package="com.exam"/>


    <bean id="propertyConfigurer" class="org.springframework.beans.factory.config.PropertyPlaceholderConfigurer">
        <property name="location" value="classpath:jdbc.properties"/>
    </bean>

    <bean id="dataSource" class="org.apache.commons.dbcp2.BasicDataSource"
          destroy-method="close">

        <property name="driverClassName" value="${driver}"/>
        <property name="url" value="${url}"/>
        <property name="username" value="${username}"/>
        <property name="password" value="${password}"/>
        <property name="initialSize" value="${initialSize}"/>
        <property name="maxTotal" value="${maxTotal}"/>
        <property name="maxIdle" value="${maxIdle}"/>
        <property name="minIdle" value="${minIdle}"/>
        <property name="maxWaitMillis" value="${maxWaitMillis}"/>
        <property name="defaultAutoCommit" value="${defaultAutoCommit}"/>
    </bean>

    <bean id="sqlSessionFactory" class="org.mybatis.spring.SqlSessionFactoryBean"
          p:typeAliasesPackage="com.exam.domain">
        <property name="dataSource" ref="dataSource"/>

        <property name="configLocation" value="classpath:mybatis-config.xml"/>
        <property name="mapperLocations" value="classpath*:com/exam/mapper/*.xml"></property>
    </bean>

    <!--  <bean class="org.mybatis.spring.mapper.MapperScannerConfigurer">
          <property name="basePackage" value="com.test.mapper"/>
          <property name="sqlSessionFactoryBeanName" value="sqlSessionFactory"></property>
      </bean>
  -->
    <bean id="sqlSessionTemplate" class="org.mybatis.spring.SqlSessionTemplate">
        <constructor-arg ref="sqlSessionFactory"/>
    </bean>

    <bean id="transactionManager" class="org.springframework.jdbc.datasource.DataSourceTransactionManager">
        <property name="dataSource" ref="dataSource"/>
    </bean>

    <!--&lt;!&ndash; 上传文件拦截，设置最大上传文件大小 10M=10*1024*1024(B)=10485760 bytes &ndash;&gt;
    <bean id="multipartResolver"
          class="org.springframework.web.multipart.commons.CommonsMultipartResolver">
        <property name="maxUploadSize" value="10485760" />
        &lt;!&ndash; resolveLazily属性启用是为了推迟文件解析，以便在Action 中捕获文件大小异常 &ndash;&gt;
        <property name="resolveLazily" value="true" />
        <property name="defaultEncoding" value="UTF-8" />
    </bean>-->

    <!--文件上传-->
    <bean id="multipartResolver" class="org.springframework.web.multipart.commons.CommonsMultipartResolver">
        <!-- 限制上传文件大小上限5M -->
        <property name="maxUploadSize" value="5242880" />
    </bean>


    <tx:advice id="txAdvice" transaction-manager="transactionManager">
        <tx:attributes>
            <tx:method name="delete*" propagation="REQUIRED" read-only="false"
                       rollback-for="java.lang.Exception"/>
            <tx:method name="insert*" propagation="REQUIRED" read-only="false"
                       rollback-for="java.lang.Exception"/>
            <tx:method name="update*" propagation="REQUIRED" read-only="false"
                       rollback-for="java.lang.Exception"/>
            <tx:method name="save*" propagation="REQUIRED" read-only="false"
                       rollback-for="java.lang.Exception"/>
            <tx:method name="*" propagation="SUPPORTS" read-only="true"/>
        </tx:attributes>
    </tx:advice>

    <aop:config>
        <aop:pointcut id="allServiceMethods" expression="execution(* com.exam.service..*(..))"/>
        <aop:advisor pointcut-ref="allServiceMethods" advice-ref="txAdvice"/>
    </aop:config>

</beans>
