<?xml version="1.0" encoding="UTF-8"?>
<beans xmlns="http://www.springframework.org/schema/beans"
       xmlns:xsi="http://www.w3.org/2001/XMLSchema-instance"
       xmlns:p="http://www.springframework.org/schema/p"
       xmlns:context="http://www.springframework.org/schema/context"
       xmlns:mvc="http://www.springframework.org/schema/mvc"

       xsi:schemaLocation="http://www.springframework.org/schema/beans
       http://www.springframework.org/schema/beans/spring-beans-3.1.xsd
       http://www.springframework.org/schema/context
       http://www.springframework.org/schema/context/spring-context-3.1.xsd
       http://www.springframework.org/schema/mvc
       http://www.springframework.org/schema/mvc/spring-mvc-4.0.xsd">


    <context:component-scan base-package="com.exam.controller"/>

    <mvc:annotation-driven/>

    <mvc:annotation-driven>
        <mvc:message-converters>
            <bean class="org.springframework.http.converter.StringHttpMessageConverter"/>
            <bean class="org.springframework.http.converter.json.MappingJackson2HttpMessageConverter"/>
        </mvc:message-converters>
    </mvc:annotation-driven>




    <!-- 配置quartz,要执行的任务类 -->
    <bean id="autoJob" class="com.exam.quartz.AutoJob"></bean>

    <!-- 将需要执行的定时任务注入job中 -->
    <bean id="jobDetail" class="org.springframework.scheduling.quartz.MethodInvokingJobDetailFactoryBean">
        <property name="targetObject" ref="autoJob"/>
        <!-- 任务类中需要执行的方法 -->
        <property name="targetMethod" value="Task"></property>
        <!-- 上一次未执行完成的，要等待有再执行。 -->
        <property name="concurrent" value="false"/>
    </bean>

    <!-- 基本的定时器，会绑定具体的任务。 -->
    <bean id="trigger" class="org.springframework.scheduling.quartz.SimpleTriggerFactoryBean">
        <property name="jobDetail" ref="jobDetail"/>
        <property name="startDelay" value="3000"/>
        <property name="repeatInterval" value="900000"/>
    </bean>

    <bean id="scheduler" class="org.springframework.scheduling.quartz.SchedulerFactoryBean">
        <property name="triggers">
            <list>
                <ref bean="trigger"/>
            </list>
        </property>
    </bean>



    <!--原始映射
    <mvc:resources mapping="/assert/bootstrap/**" location="/assert/bootstrap/"/>
    <mvc:resources mapping="/css/**" location="/css/"/>
    <mvc:resources mapping="/js/**" location="/js/"/>-->

    <mvc:resources location="/statics/bootstrap-3.3.7-dist/" mapping="/bootstrap-3.3.7-dist/**" />
    <mvc:resources location="/statics/css/" mapping="/css/**" />
    <mvc:resources location="/statics/js/" mapping="/js/**" />


    <mvc:interceptors>
        <!-- Web登录拦截器 -->
        <mvc:interceptor>
            <mvc:mapping path="**/**"/>
            <mvc:exclude-mapping path="/jsp1/**"/><!-- 防止循环重定向到首页 -->

            <bean class="com.exam.interceptor.LoginInterceptor"/>
        </mvc:interceptor>
    </mvc:interceptors>

    <bean class="org.springframework.web.servlet.view.InternalResourceViewResolver">
        <property name="prefix" value="/WEB-INF/views/jsp/"/>
        <property name="suffix" value=".jsp"/>
    </bean>


</beans>