<?xml version="1.0" encoding="UTF-8"?>
<!DOCTYPE mapper PUBLIC "-//mybatis.org//DTD Mapper 3.0//EN" "http://mybatis.org/dtd/mybatis-3-mapper.dtd" >
<mapper namespace="com.exam.mapper.ExamStudentMapper">

    <insert id="insert" parameterType="examStudent">
        INSERT INTO `exam`.`exam_student`(`stuNumber`, `examID`, `answerPath`, `answerTime`)
        VALUES (#{stuNumber}, #{examID}, #{answerPath}, #{answerTime})
    </insert>

    <insert id="insertBatch" parameterType="java.util.List">
        INSERT INTO `exam`.`exam_student`(`stuNumber`, `examID`)
        VALUES
        <foreach collection="list" index="index" item="item" separator=",">
            (#{item.stuNumber}, #{item.examID})
        </foreach>

    </insert>

    <delete id="deleteBySidEid" >
        DELETE FROM `exam`.`exam_student`
        WHERE `stuNumber` = #{stuNumber}
        AND `examID` = #{examID}
    </delete>

    <delete id="deleteByExamID" parameterType="Integer">
        DELETE FROM `exam`.`exam_student`
        WHERE `examID` = #{examID}
    </delete>

    <update id="updateAnswerPathByStuNumber">
        UPDATE `exam`.`exam_student`
        SET `answerPath` = #{answerPath}, `answerTime` = #{answerTime}
        WHERE `examID` = #{examID}
        AND `stuNumber` = #{stuNumber}
    </update>

    <select id="getExamsByNumber" resultType="examStudent">
        SELECT exam_student.stuNumber,exam_student.examID,exam_student.esID,exam_student.answerPath,exam_student.answerTime
        FROM exam_student
        WHERE   exam_student.stuNumber = #{stuNumber}
    </select>

    <select id="getExamsByExamID" resultType="examStudent">
        SELECT exam_student.stuNumber,exam_student.examID,exam_student.esID,exam_student.answerPath,exam_student.answerTime
        FROM exam_student
        WHERE   exam_student.examID = #{examID}
    </select>

    <select id="getExamsByExamIDStuNumber" resultType="examStudent">
        SELECT  exam_student.esID,exam_student.stuNumber,exam_student.examID,exam_student.answerPath,exam_student.answerTime
        FROM    exam_student
        WHERE   exam_student.stuNumber = #{stuNumber}
        AND     exam_student.examID = #{examID}
    </select>

    <select id="getStuNumberByExam" resultType="String">
        SELECT  exam_student.stuNumber
        FROM    exam_student
        WHERE  exam_student.examID = #{examID}
    </select>

    <select id="getNumPathByExamID" resultType="java.util.HashMap">
        SELECT  exam_student.stuNumber,exam_student.answerPath
        FROM    exam_student
        WHERE   exam_student.examID = #{examID}
    </select>
</mapper>